date,new_deaths,previous_day_deaths,death_growth_percentage
2020-01-22,0,,0.0
2020-01-23,1,17.0,5.88235294117647
2020-01-24,8,18.0,44.44444444444444
2020-01-25,16,26.0,61.53846153846154
2020-01-26,14,42.0,33.33333333333333
2020-01-27,26,56.0,46.42857142857143
2020-01-28,49,82.0,59.756097560975604
2020-01-29,2,131.0,1.5267175572519083
2020-01-30,38,133.0,28.57142857142857
2020-01-31,42,171.0,24.561403508771928
2020-02-01,46,213.0,21.5962441314554
2020-02-02,103,259.0,39.768339768339764
2020-02-03,64,362.0,17.67955801104972
2020-02-04,66,426.0,15.492957746478872
2020-02-05,72,492.0,14.634146341463413
2020-02-06,70,564.0,12.411347517730496
2020-02-07,85,634.0,13.406940063091483
2020-02-08,87,719.0,12.100139082058414
2020-02-09,100,806.0,12.40694789081886
2020-02-10,107,906.0,11.810154525386315
2020-02-11,100,1013.0,9.871668311944719
2020-02-12,5,1113.0,0.44923629829290207
2020-02-13,253,1118.0,22.62969588550984
2020-02-14,152,1371.0,11.086797957695113
2020-02-15,143,1523.0,9.389363099146422
2020-02-16,104,1666.0,6.24249699879952
2020-02-17,98,1770.0,5.536723163841808
2020-02-18,140,1868.0,7.494646680942184
2020-02-19,115,2008.0,5.727091633466135
2020-02-20,123,2123.0,5.7936881771078665
2020-02-21,4,2246.0,0.17809439002671415
2020-02-22,207,2250.0,9.2
2020-02-23,10,2457.0,0.40700040700040696
2020-02-24,160,2467.0,6.4856100526955816
2020-02-25,80,2627.0,3.0452988199467073
2020-02-26,60,2707.0,2.2164758034724787
2020-02-27,43,2767.0,1.554029634983737
2020-02-28,57,2810.0,2.0284697508896796
2020-02-29,69,2867.0,2.406696895709801
2020-03-01,54,2936.0,1.8392370572207086
2020-03-02,89,2990.0,2.976588628762542
2020-03-03,75,3079.0,2.4358557973367976
2020-03-04,95,3154.0,3.0120481927710845
2020-03-05,93,3249.0,2.862419205909511
2020-03-06,112,3342.0,3.3512866546977853
2020-03-07,99,3454.0,2.8662420382165608
2020-03-08,244,3553.0,6.867435969603153
2020-03-09,184,3797.0,4.845930998156439
2020-03-10,279,3981.0,7.008289374529013
2020-03-11,344,4260.0,8.075117370892018
2020-03-12,305,4604.0,6.624674196350999
2020-03-13,497,4909.0,10.124261560399267
2020-03-14,417,5406.0,7.713651498335183
2020-03-15,641,5823.0,11.008071440838057
2020-03-16,680,6464.0,10.51980198019802
2020-03-17,804,7144.0,11.254199328107504
2020-03-18,897,7948.0,11.285858077503775
2020-03-19,1106,8845.0,12.504239683436971
2020-03-20,1478,9951.0,14.852778615214552
2020-03-21,1705,11429.0,14.918190567853706
2020-03-22,1697,13134.0,12.920663925689052
2020-03-23,1917,14831.0,12.92562875058998
2020-03-24,2268,16748.0,13.541915452591354
2020-03-25,2777,19016.0,14.603491796381995
2020-03-26,3007,21793.0,13.79800853485064
2020-03-27,3518,24800.0,14.18548387096774
2020-03-28,3679,28318.0,12.991736704569531
2020-03-29,3473,31997.0,10.854142575866488
2020-03-30,4164,35470.0,11.739498167465463
2020-03-31,4844,39634.0,12.221829742140585
2020-04-01,5551,44478.0,12.4803273528486
2020-04-02,6305,50029.0,12.602690439545064
2020-04-03,5985,56334.0,10.624134625625732
2020-04-04,5841,62319.0,9.372743465074857
2020-04-05,5021,68160.0,7.366490610328638
2020-04-06,5832,73181.0,7.969281644142605
2020-04-07,7902,79013.0,10.00088593016339
2020-04-08,6735,86915.0,7.748950123684059
2020-04-09,7629,93650.0,8.146289375333689
2020-04-10,7272,101279.0,7.1801656809407675
2020-04-11,6069,108551.0,5.590920396864147
2020-04-12,5731,114620.0,5.0
2020-04-13,5747,120351.0,4.775199208980399
2020-04-14,6898,126098.0,5.470348459134958
2020-04-15,8312,132996.0,6.249812024421788
2020-04-16,7283,141308.0,5.153989866108076
2020-04-17,8890,148591.0,5.982865718650524
2020-04-18,6471,157481.0,4.109067125558004
2020-04-19,4570,163952.0,2.7874011905923686
2020-04-20,5443,168522.0,3.229845361436489
2020-04-21,7157,173965.0,4.114045928778777
2020-04-22,6755,181122.0,3.7295303717935977
2020-04-23,6850,187877.0,3.6460024377651337
2020-04-24,6674,194727.0,3.427362409938016
2020-04-25,5578,201401.0,2.7695989592901724
2020-04-26,3883,206979.0,1.8760357330936954
2020-04-27,4649,210862.0,2.2047595109597746
2020-04-28,6463,215511.0,2.998918848689858
2020-04-29,6768,221974.0,3.049005739410922
2020-04-30,5962,228742.0,2.606429951648582
2020-05-01,5177,234704.0,2.2057570386529415
2020-05-02,5325,239881.0,2.2198506759601635
2020-05-03,3453,245206.0,1.4082037144278687
2020-05-04,4128,248659.0,1.6601048021587799
2020-05-05,5871,252787.0,2.3225086733099407
2020-05-06,6669,258658.0,2.5783080360939925
2020-05-07,5409,265327.0,2.038616499640067
2020-05-08,5568,270736.0,2.0566160392411796
2020-05-09,4265,276304.0,1.5435896693497018
2020-05-10,3566,280569.0,1.270988598170147
2020-05-11,3473,284135.0,1.2223062980625408
2020-05-12,5547,287608.0,1.9286667964729771
2020-05-13,5228,293155.0,1.7833569272228
2020-05-14,5268,298383.0,1.765516131951217
2020-05-15,5215,303651.0,1.717432183658213
2020-05-16,4171,308866.0,1.3504238083829234
2020-05-17,3329,313037.0,1.0634525631155423
2020-05-18,3291,316366.0,1.0402508487005557
2020-05-19,4784,319657.0,1.496604172597503
2020-05-20,4885,324441.0,1.5056666697488912
2020-05-21,4786,329326.0,1.453271226687234
2020-05-22,5284,334112.0,1.5815056029115986
2020-05-23,3989,339396.0,1.175323221251871
2020-05-24,3140,343385.0,0.9144254990753818
2020-05-25,1178,346525.0,0.3399466127984994
2020-05-26,4203,347703.0,1.2087902606534888
2020-05-27,5213,351906.0,1.4813614999460083
2020-05-28,4701,357119.0,1.3163679333779497
2020-05-29,4742,361820.0,1.3105964291636725
2020-05-30,4156,366562.0,1.1337781875917308
2020-05-31,2888,370718.0,0.779028803564974
2020-06-01,3068,373606.0,0.8211859552576778
2020-06-02,4823,376674.0,1.2804175493928438
2020-06-03,5572,381497.0,1.4605619441306223
2020-06-04,5149,387069.0,1.3302537790419795
2020-06-05,4776,392218.0,1.2176901621037282
2020-06-06,3881,396994.0,0.9775966387401321
2020-06-07,2742,400875.0,0.6840037418147802
2020-06-08,3697,403617.0,0.9159673651010735
2020-06-09,4922,407314.0,1.2084043268829452
2020-06-10,5205,412236.0,1.2626262626262625
2020-06-11,4774,417441.0,1.1436346693305162
2020-06-12,4297,422215.0,1.0177279348199377
2020-06-13,4238,426512.0,0.993641445023821
2020-06-14,3374,430750.0,0.783284968078932
2020-06-15,3425,434124.0,0.7889450940284343
2020-06-16,6867,437549.0,1.5694242244868575
2020-06-17,5255,444416.0,1.182450676843318
2020-06-18,5029,449671.0,1.1183732106362207
2020-06-19,6273,454700.0,1.3795909390807124
2020-06-20,4249,460973.0,0.9217459590908795
2020-06-21,3963,465222.0,0.8518513741826482
2020-06-22,3571,469185.0,0.7611070260131931
2020-06-23,5311,472756.0,1.1234125003172886
2020-06-24,5261,478067.0,1.1004733646120732
2020-06-25,6627,483328.0,1.3711185778601693
2020-06-26,4827,489955.0,0.9851925176801951
2020-06-27,4486,494782.0,0.9066619238371647
2020-06-28,3089,499268.0,0.6187057852696348
2020-06-29,3721,502357.0,0.7407083010687618
2020-06-30,5132,506078.0,1.0140729294693702
2020-07-01,5011,511210.0,0.9802233915611979
2020-07-02,5120,516221.0,0.9918232694911676
2020-07-03,4995,521341.0,0.9581061148077746
2020-07-04,4369,526336.0,0.830078125
2020-07-05,3445,530705.0,0.6491365259419074
2020-07-06,3797,534150.0,0.7108490124496865
2020-07-07,6107,537947.0,1.135241947626811
2020-07-08,5319,544054.0,0.9776603057784706
2020-07-09,5458,549373.0,0.9934962220567811
2020-07-10,5311,554831.0,0.957228417301845
2020-07-11,4897,560142.0,0.8742426027685837
2020-07-12,3954,565039.0,0.6997747058167666
2020-07-13,3815,568993.0,0.670482765165828
2020-07-14,5660,572808.0,0.9881146911355986
2020-07-15,5493,578468.0,0.9495771589785434
2020-07-16,5799,583961.0,0.9930457684674148
2020-07-17,6743,589760.0,1.1433464460119371
2020-07-18,5627,596503.0,0.9433313830777045
2020-07-19,4029,602130.0,0.6691246076428679
2020-07-20,4160,606159.0,0.6862885810488667
2020-07-21,6238,610319.0,1.0220884488275803
2020-07-22,6983,616557.0,1.132579793920108
2020-07-23,9966,623540.0,1.5982936138820285
2020-07-24,6144,633506.0,0.9698408539145643
2020-07-25,4867,639650.0,0.7608848589072149
2020-07-26,4104,644517.0,0.6367558962758159
2020-07-27,5415,648621.0,0.8348480853996402
